nama_file,kelas,tanggal,kondisi_cahaya
botol_20260929_rumah_terang_001.png,botol,20260929,terang
botol_20260929_rumah_terang_002.png,botol,20260929,terang
botol_20260929_rumah_terang_003.png,botol,20260929,terang
botol_20260930_rumah_terang_004.png,botol,20260930,terang
botol_20260930_rumah_terang_005.png,botol,20260930,terang
botol_20260930_rumah_terang_006.png,botol,20260930,terang
botol_20260930_rumah_terang_007.png,botol,20260930,terang
botol_20260930_rumah_terang_008.png,botol,20260930,terang
botol_20260930_rumah_terang_009.png,botol,20260930,terang
botol_20260930_rumah_terang_010.png,botol,20260930,terang
botol_20260930_rumah_terang_011.png,botol,20260930,terang
botol_20260930_rumah_terang_012.png,botol,20260930,terang
botol_20260930_rumah_terang_013.png,botol,20260930,terang
botol_20260930_rumah_terang_014.png,botol,20260930,terang
botol_20260930_rumah_terang_015.png,botol,20260930,terang
botol_20260930_rumah_terang_016.png,botol,20260930,terang
botol_20260930_rumah_terang_017.png,botol,20260930,terang
botol_20260930_rumah_terang_018.png,botol,20260930,terang
botol_20260930_rumah_terang_019.png,botol,20260930,terang
botol_20260930_rumah_terang_020.png,botol,20260930,terang
botol_20260930_rumah_terang_021.png,botol,20260930,terang
botol_20260930_rumah_terang_022.png,botol,20260930,terang
botol_20260930_rumah_terang_023.png,botol,20260930,terang
botol_20260930_rumah_terang_024.png,botol,20260930,terang
botol_20260930_rumah_terang_025.png,botol,20260930,terang
botol_20260930_rumah_terang_026.png,botol,20260930,terang
botol_20260930_rumah_terang_027.png,botol,20260930,terang
botol_20260930_rumah_terang_028.png,botol,20260930,terang
botol_20260930_rumah_terang_029.png,botol,20260930,terang
botol_20260930_rumah_terang_030.png,botol,20260930,terang
botol_20260930_rumah_terang_031.png,botol,20260930,terang
botol_20260930_rumah_terang_032.png,botol,20260930,terang
botol_20260930_rumah_redup_033.png,botol,20260930,redup
botol_20260930_rumah_redup_034.png,botol,20260930,redup
botol_20260930_rumah_redup_035.png,botol,20260930,redup
botol_20260930_rumah_redup_036.png,botol,20260930,redup
botol_20260930_rumah_redup_037.png,botol,20260930,redup
botol_20260930_rumah_redup_038.png,botol,20260930,redup
botol_20260930_rumah_redup_039.png,botol,20260930,redup
botol_20260930_rumah_redup_040.png,botol,20260930,redup
botol_20260930_rumah_redup_041.png,botol,20260930,redup
botol_20260930_rumah_redup_042.png,botol,20260930,redup
botol_20260930_rumah_redup_043.png,botol,20260930,redup
botol_20260930_rumah_redup_044.png,botol,20260930,redup
botol_20260930_rumah_redup_045.png,botol,20260930,redup
botol_20260930_rumah_redup_046.png,botol,20260930,redup
botol_20260930_rumah_redup_047.png,botol,20260930,redup
botol_20260930_rumah_redup_048.png,botol,20260930,redup
botol_20260930_rumah_redup_049.png,botol,20260930,redup
botol_20260930_rumah_bayangan_050.png,botol,20260930,bayangan
botol_20260930_rumah_bayangan_051.png,botol,20260930,bayangan
botol_20260930_rumah_bayangan_052.png,botol,20260930,bayangan
botol_20260930_rumah_bayangan_053.png,botol,20260930,bayangan
botol_20260930_rumah_bayangan_054.png,botol,20260930,bayangan
botol_20260930_rumah_bayangan_055.png,botol,20260930,bayangan
botol_20260930_rumah_bayangan_056.png,botol,20260930,bayangan
botol_20260930_rumah_bayangan_057.png,botol,20260930,bayangan
botol_20260930_rumah_bayangan_058.png,botol,20260930,bayangan
botol_20260930_rumah_bayangan_059.png,botol,20260930,bayangan
botol_20260930_rumah_bayangan_060.png,botol,20260930,bayangan
botol_20260930_rumah_bayangan_061.png,botol,20260930,bayangan
botol_20260930_rumah_bayangan_062.png,botol,20260930,bayangan
botol_20260930_rumah_bayangan_063.png,botol,20260930,bayangan
botol_20260930_rumah_bayangan_064.png,botol,20260930,bayangan
botol_20260930_rumah_bayangan_065.png,botol,20260930,bayangan
botol_20260930_rumah_bayangan_066.png,botol,20260930,bayangan
tissue_20260930_rumah_terang_001.png,tissue,20260930,terang
tissue_20260930_rumah_terang_002.png,tissue,20260930,terang
tissue_20260930_rumah_terang_003.png,tissue,20260930,terang
tissue_20260930_rumah_terang_004.png,tissue,20260930,terang
tissue_20260930_rumah_terang_005.png,tissue,20260930,terang
tissue_20260930_rumah_terang_006.png,tissue,20260930,terang
tissue_20260930_rumah_terang_007.png,tissue,20260930,terang
tissue_20260930_rumah_terang_008.png,tissue,20260930,terang
tissue_20260930_rumah_terang_009.png,tissue,20260930,terang
tissue_20260930_rumah_terang_010.png,tissue,20260930,terang
tissue_20260930_rumah_terang_011.png,tissue,20260930,terang
tissue_20260930_rumah_terang_012.png,tissue,20260930,terang
tissue_20260930_rumah_terang_013.png,tissue,20260930,terang
tissue_20260930_rumah_terang_014.png,tissue,20260930,terang
tissue_20260930_rumah_terang_015.png,tissue,20260930,terang
tissue_20260930_rumah_terang_016.png,tissue,20260930,terang
tissue_20260930_rumah_terang_017.png,tissue,20260930,terang
tissue_20260930_rumah_terang_018.png,tissue,20260930,terang
tissue_20260930_rumah_terang_019.png,tissue,20260930,terang
tissue_20260930_rumah_terang_020.png,tissue,20260930,terang
tissue_20260930_rumah_terang_021.png,tissue,20260930,terang
tissue_20260930_rumah_terang_022.png,tissue,20260930,terang
tissue_20260930_rumah_terang_023.png,tissue,20260930,terang
tissue_20260930_rumah_terang_024.png,tissue,20260930,terang
tissue_20260930_rumah_terang_025.png,tissue,20260930,terang
tissue_20260930_rumah_terang_026.png,tissue,20260930,terang
tissue_20260930_rumah_terang_027.png,tissue,20260930,terang
tissue_20260930_rumah_terang_028.png,tissue,20260930,terang
tissue_20260930_rumah_terang_029.png,tissue,20260930,terang
tissue_20260930_rumah_terang_030.png,tissue,20260930,terang
tissue_20260930_rumah_bayangan_031.png,tissue,20260930,bayangan
tissue_20260930_rumah_bayangan_032.png,tissue,20260930,bayangan
tissue_20260930_rumah_bayangan_033.png,tissue,20260930,bayangan
tissue_20260930_rumah_bayangan_034.png,tissue,20260930,bayangan
tissue_20260930_rumah_bayangan_035.png,tissue,20260930,bayangan
tissue_20260930_rumah_bayangan_036.png,tissue,20260930,bayangan
tissue_20260930_rumah_bayangan_037.png,tissue,20260930,bayangan
tissue_20260930_rumah_bayangan_038.png,tissue,20260930,bayangan
tissue_20260930_rumah_bayangan_039.png,tissue,20260930,bayangan
tissue_20260930_rumah_bayangan_040.png,tissue,20260930,bayangan
tissue_20260930_rumah_bayangan_041.png,tissue,20260930,bayangan
tissue_20260930_rumah_bayangan_042.png,tissue,20260930,bayangan
tissue_20260930_rumah_bayangan_043.png,tissue,20260930,bayangan
tissue_20260930_rumah_bayangan_044.png,tissue,20260930,bayangan
tissue_20260930_rumah_bayangan_045.png,tissue,20260930,bayangan
tissue_20260930_rumah_redup_046.png,tissue,20260930,redup
tissue_20260930_rumah_redup_047.png,tissue,20260930,redup
tissue_20260930_rumah_redup_048.png,tissue,20260930,redup
tissue_20260930_rumah_redup_049.png,tissue,20260930,redup
tissue_20260930_rumah_redup_050.png,tissue,20260930,redup
tissue_20260930_rumah_redup_051.png,tissue,20260930,redup
tissue_20260930_rumah_redup_052.png,tissue,20260930,redup
tissue_20260930_rumah_redup_053.png,tissue,20260930,redup
tissue_20260930_rumah_redup_054.png,tissue,20260930,redup
tissue_20260930_rumah_redup_055.png,tissue,20260930,redup
tissue_20260930_rumah_redup_056.png,tissue,20260930,redup
tissue_20260930_rumah_redup_057.png,tissue,20260930,redup
tissue_20260930_rumah_redup_058.png,tissue,20260930,redup
tissue_20260930_rumah_redup_059.png,tissue,20260930,redup
tissue_20260930_rumah_redup_060.png,tissue,20260930,redup
